{
  "Can you check if your microphone is on, please?": {
    "ru": "Пожалуйста, проверь, что микрофон включен",
    "en": "Can you check if your microphone is on, please?"
  },
  "What did you say again?": {
    "ru": "Пожалуйста, повтори",
    "en": "What did you say again?"
  },
  "Seems like we have a trouble. See logs for more information": {
    "ru": "Что-то пошло не так. Посмотри логи",
    "en": "Seems like we have a trouble. See logs for more information"
  },
  "Hello, {}! How can I help you today?": {
    "ru": "Привет, {}! Чем могу помочь?",
    "en": "Hello, {}! How can I help you today?"
  },
  "Good day to you {}! How can I help you today?": {
    "ru": "Здравствуй, {}! Какой план на сегодня?",
    "en": "Good day to you {}! How can I help you today?"
  },
  "Goodbye, {}! Have a nice day!": {
    "ru": "До связи, {}! Хорошего тебе дня!",
    "en": "Goodbye, {}! Have a nice day!"
  },
  "See you soon, {}!": {
    "ru": "До скорого, {}!",
    "en": "See you soon, {}!"
  },
  "Here is what I found for {} on google": {
    "ru": "Вот, что умне удалось найти по запросу {} в Гугл",
    "en": "Here is what I found for {} on google"
  },
  "Here is what I found for {} on youtube": {
    "ru": "Вот, что умне удалось найти по запросу {} на Ютьюб",
    "en": "Here is what I found for {} on youtube"
  },
  "Here is what I found for {} on Wikipedia": {
    "ru": "Вот, что умне удалось найти по запросу {} в Википедии",
    "en": "Here is what I found for {} on Wikipedia"
  },
  "Can't find {} on Wikipedia. But here is what I found on google": {
    "ru": "Не могу найти в Википедии ничего по запросу {}. Но вот, что мне удалось найти в Гугл",
    "en": "Can't find {} on Wikipedia. But here is what I found on google"
  },
  "It is {0} in {1}": {
    "ru": "Сейчас {0} в городе {1}",
    "en": "It is {0} in {1}"
  },
  "The temperature is {} degrees Celsius": {
    "ru": "Температура {} градусов Цельсия",
    "en": "The temperature is {} degrees Celsius"
  },
  "The wind speed is {} meters per second": {
    "ru": "Скорость ветра {} метров в секунду",
    "en": "The wind speed is {} meters per second"
  },
  "The pressure is {} mm Hg": {
    "ru": "Давление {} миллиметров ртутного столба",
    "en": "The pressure is {} mm Hg"
  },
  "Here is what I found for {} on social nets": {
    "ru": "Вот, что мне удалось найти по запросу {} в социальных сетях",
    "en": "Here is what I found for {} on social nets"
  },
  "won": {
    "ru": "победили",
    "en": "won"
  },
  "Tails": {
    "ru": "Решки",
    "en": "Tails"
  },
  "Heads": {
    "ru": "Орлы",
    "en": "Heads"
  },
  "Can you repeat, please?": {
    "ru": "Можешь повторить?",
    "en": "Can you repeat, please?"
  },
  "": {
    "ru": "",
    "en": ""
  },
    "": {
    "ru": "",
    "en": " "
  },
  "": {
    "ru": "",
    "en": " "
  },
    "": {
    "ru": "",
    "en": " "
  },
  "": {
    "ru": "",
    "en": " "
  },
    "": {
    "ru": "",
    "en": " "
  },
  "": {
    "ru": "",
    "en": " "
  },
    "": {
    "ru": "",
    "en": " "
  },
  "": {
    "ru": "",
    "en": " "
  },
    "": {
    "ru": "",
    "en": " "
  },
  "": {
    "ru": "",
    "en": " "
  },
    "": {
    "ru": "",
    "en": " "
  },
  "": {
    "ru": "",
    "en": " "
  }
}